section,in_resume,title,institution,loc,start,end,description_1,description_2,description_3
education,TRUE,"M.S., Program Evaluation & Data Analytics",Arizona State University,"Tempe, AZ",2025,2026,Expected December 2026. Watts College of Public Service and Community Solutions.,"Coursework in program evaluation, applied research methods, and data science in R.",Completed IRB / human subjects research certification.
education,TRUE,"B.A., Cultural Analysis",Arizona State University,"Tempe, Arizona",2019,2023,NA,NA,NA
industry_positions,TRUE,Front Desk / Administrative Associate,Art Heals Arizona,"Phoenix, AZ",2024,Present,Record donor gifts and prepare donor acknowledgement letters in Salesforce.,"Intake and log in-kind donations, keeping records consistent for reporting.",Monitor the info@ and programs@ inboxes and route inquiries to the right staff.
industry_positions,TRUE,Volunteer Coordinator,Art Heals Arizona,"Phoenix, AZ",2024,Present,Schedule volunteers for programs and events and track hours served.,Lead volunteer onboarding and training sessions for new cohorts.,NA
industry_positions,TRUE,Program Evaluation Intern,Arizona Government,"Phoenix, Arizona",2026,2026,ASPIRATIONAL ENTRY (see disclaimer): Program Evaluation: support outcome measurement for a community program.,Clean and analyze participant survey data in R and summarize results for program staff.,NA
research_positions,TRUE,Donor & Corporate Giving Research,Art Heals Arizona - Development Team,"Phoenix, AZ",2025,Present,"Research corporate, foundation, and individual giving prospects for the Development team.","Build prospect summaries with giving history, alignment, and suggested ask amounts.",Maintain research notes and contact records in Salesforce.
research_positions,TRUE,Applied Research Capstone Project,Arizona State University,"Tempe, AZ",2026,2026,Year-long applied evaluation project for a community partner organization.,"Design the measurement plan, analyze the data in R, and deliver findings to the partner.",NA
projects,TRUE,Reproducible Reporting Templates in R Markdown,ASU - PAF 514,"Tempe, AZ",2026,2026,Built custom R functions that generate HTML profile galleries from a data frame.,Built a data-driven resume template that renders directly from a CSV file.,NA
projects,TRUE,Salesforce Data Cleanup,Art Heals Arizona,"Phoenix, AZ",2025,Present,Standardized donor and in-kind donation records to reduce duplicate entries.,Documented data entry steps so reporting stays consistent across staff.,NA
projects,TRUE,Volunteer Training Materials,Art Heals Arizona,"Phoenix, AZ",2024,Present,Created onboarding materials and a short training walkthrough for new volunteers.,NA,NA
